name,source,gender,wikidata,type
Aaigemstraat,wikidata,,Q300813,way
Aalbessenlaan,wikidata,,Q146661,way
Aalscholverstraat,wikidata,,Q25440,way
Abrikoosstraat,wikidata,,Q37453,way
Agaatstraat,wikidata,,Q123314,way
Albaststraat,wikidata,,Q143447,way
Anjelierstraat,wikidata,,Q156099,way
Bataviabrug,wikidata,,Q1199713,way
Bataviapad,wikidata,,Q1199713,way
Berkendreef,wikidata,,Q25243,way
Berkenhof,wikidata,,Q25243,way
Bezaanstraat,wikidata,,Q2144942,way
Borluutlaan,wikidata,,Q2996372,way
Borluutplein,wikidata,,Q2996372,way
Bosuilstraat,wikidata,,Q25756,way
Brugsesteenweg,wikidata,,Q12994,way
Brugsevaart,wikidata,,Q12994,way
Cameliastraat,wikidata,,Q212815,way
Carneoolstraat,wikidata,,Q324369,way
Cliviastraat,wikidata,,Q1163100,way
Cyclamenstraat,wikidata,,Q147295,way
Dahliastraat,wikidata,,Q130918,way
Deinsesteenweg,wikidata,,Q499313,way
Dendermondsesteenweg,wikidata,,Q13122,relation
Diamantstraat,wikidata,,Q5283,way
Drongensesteenweg,wikidata,,Q1260195,way
Drongenstationstraat,wikidata,,Q2297616,way
Egelantierstraat,wikidata,,Q15546415,way
Eksterstraat,wikidata,,Q25307,way
Esperantostraat,wikidata,,Q143,way
Evergemsesteenweg,wikidata,,Q12997,way
Fuchsiastraat,wikidata,,Q161066,way
"Gabriël Celisstraat",wikidata,,Q97065457,way
"Gebroeders Van Eyckstraat",wikidata,,Q77577637,way
Geelgorsstraat,wikidata,,Q26205,way
Gentbruggeplein,wikidata,,Q680916,way
Gentbruggestraat,wikidata,,Q680916,way
"Georges Wibierdreef",wikidata,,Q19003346,way
Gerststraat,wikidata,,Q11577,way
"Gezusters Lovelingstraat",wikidata,,Q77578636,way
Glasgowstraat,wikidata,,Q4093,way
Göteborgstraat,wikidata,,Q25287,way
Greenockstraat,wikidata,,Q217831,way
Groenestaakstraat,wikidata,,Q12994,way
Halewijnstationstraat,wikidata,,Q2144918,way
Halewijnstraat,wikidata,,Q1949592,way
Helsinkistraat,wikidata,,Q1757,way
Henleykaai,wikidata,,Q1543109,way
Hoornbladstraat,wikidata,,Q21795,way
Hortensiastraat,wikidata,,Q155997,way
Houtduifstraat,wikidata,,Q26026,way
Jadestraat,wikidata,,Q175089,way
Jasmijnstraat,wikidata,,Q82014,way
Jaspisstraat,wikidata,,Q201175,way
Jupiterstraat,wikidata,,Q319,way
Kamperfoelielaan,wikidata,,Q156047,way
Kanazawastraat,wikidata,,Q191130,way
Katwilgenstraat,wikidata,,Q158590,way
Klapeksterstraat,wikidata,,Q184508,way
Kopenhagenstraat,wikidata,,Q1748,way
Kornalijnstraat,wikidata,,Q324369,way
Kortrijksesteenweg,wikidata,,Q12995,way
"Lamme Goedzakstraat",wikidata,,Q2791154,way
Lariksstraat,wikidata,,Q25618,way
Lavendelstraat,wikidata,,Q171892,way
Leiekaai,wikidata,,Q208493,way
Lijsterbesdreef,wikidata,,Q157964,way
Lisdoddestraat,wikidata,,Q145707,way
Liverpoolstraat,wikidata,,Q24826,way
Lobeliastraat,wikidata,,Q158182,way
Londenstraat,wikidata,,Q84,way
Maïsstraat,wikidata,,Q11575,way
Malachietstraat,wikidata,,Q164411,way
Manchesterstraat,wikidata,,Q18125,way
Mariakerksesteenweg,wikidata,,Q1015356,way
Marseillestraat,wikidata,,Q23482,way
Marsstraat,wikidata,,Q111,way
Matadibrug,wikidata,,Q211073,way
"Mathias Gesweinstraat",wikidata,,,way
Meelstraat,wikidata,,Q36465,way
Meidoorndreef,wikidata,,Q132557,way
Meidoornhof,wikidata,,Q132557,way
Mercuriusstraat,wikidata,,Q308,way
Mizarweg,wikidata,,Q66477109,way
"Mule Jennystraat",wikidata,,Q1413723,way
Nachtegaaldreef,wikidata,,Q25393,way
Nachtegaalstraat,wikidata,,Q25393,way
New-Orleansstraat,wikidata,,Q34404,way
Nodenaysteeg,wikidata,,Q100277885,way
Opaalstraat,wikidata,,Q171058,way
Oslostraat,wikidata,,Q585,way
Paardekastanjestraat,wikidata,,Q158752,way
Pijlkruidstraat,wikidata,,Q161565,way
Pimpelmeesstraat,wikidata,,Q25404,way
Pioenstraat,wikidata,,Q147105,way
Platanendreef,wikidata,,Q163025,way
Platanenhof,wikidata,,Q163025,way
Plutostraat,wikidata,,Q339,way
Polarisstraat,wikidata,,Q12980,way
Robijnstraat,wikidata,,Q43088,way
Roggestraat,wikidata,,Q12099,way
Roodborstjesstraat,wikidata,,Q25334,way
Rotterdamstraat,wikidata,,Q34370,way
Rugbylaan,wikidata,,Q5378,way
Saffierstraat,wikidata,,Q127583,way
Sint-Jorisbrug,wikidata,,Q48438,way
Sint-Joriskaai,wikidata,,Q48438,way
Sint-Michielsbrug,wikidata,,Q45581,way
Sint-Michielshelling,wikidata,,Q45581,way
Sint-Michielsplein,wikidata,,Q45581,way
Sint-Michielsstraat,wikidata,,Q45581,way
Sint-Rafaëlstraat,wikidata,,Q56951,way
Siriusstraat,wikidata,,Q3409,way
Spurriestraat,wikidata,,Q2701109,way
Sulkystraat,wikidata,,Q222902,way
Tarwestraat,wikidata,,Q15645384,way
"Tijl Uilenspiegelstraat",wikidata,,Q164083,way
Uranusstraat,wikidata,,Q324,way
Valeriaanstraat,wikidata,,Q159559,way
Venusstraat,wikidata,,Q313,way
Verenigde-Natieslaan,wikidata,,Q1065,way
"Victoria Regiapark",wikidata,,Q33130427,way
Wielewaalstraat,wikidata,,Q25388,way
"Willem Tellstraat",wikidata,,Q30908,way
Wittekaproenenplein,wikidata,,Q2329759,way
Wondelgemkaai,wikidata,,Q2332648,way
Zilvermeeuwstraat,wikidata,,Q28236,way
Zinniastraat,wikidata,,Q205106,way
"'t Stuk",,,,way
A-wegel,,,,way
Aambeeldstraat,,,,way
"Aan de Bocht",,,,way
"Aan de Linde",,,,way
"Aan de ratte",,,,way
Aannemersstraat,,,,way
Abdijmolenstraat,,,,way
Abdisstraat,,,,way
Abeelstraat,,,,way
Abrahamstraat,,,,way
Absdalestraat,,,,way
Acaciapark,,,,way
Acaciastraat,,,,way
Academiebrug,,,,way
Academiestraat,,,,way
Achtene,,,,way
Achtenkouterstraat,,,,way
Achterdries,,,,way
Achterhekers,,,,way
Achterkouterstraat,,,,way
Achterleie,,,,way
Achtermuide,,,,way
Achtersikkel,,,,way
Achterstraat,,,,way
Achtervisserij,,,,way
Achtmeiplein,,,,way
Adelaarsstraat,,,,way
Admiraaldreef,,,,way
Afrikalaan,,,,way
Afsneedorp,,,,way
Afsneekouter,,,,way
Afsneekouterwegel,,,,way
Afsneemolenstraat,,,,way
Afsneesedijkweg,,,,way
Afsneestraat,,,,way
Ahornlaan,,,,way
Ajuinlei,,,,way
Ajuinmarktstraat,,,,way
Akkerhage,,,,way
Akkerstraat,,,,way
Akkerwindelaan,,,,way
Albatrosstraat,,,,way
Alexianenplein,,,,way
"Alijt Bakehof",,,,way
Alisepad,,,,way
Alkstraat,,,,way
Alpacastraat,,,,way
Alsemweg,,,,way
Amandelboomlaan,,,,way
Amaryllislaan,,,,way
Ambachtstraat,,,,way
Ambassadeursweg,,,,way
Amerikalaan,,,,way
Amethistpad,,,,way
Anemoonstraat,,,,way
Ankerslaan,,,,way
Annonciadenstraat,,,,way
Antwerpenplein,,,,way
Antwerpsesteenweg,,,,way
Antwerpsevoetweg,,,,way
Apostelhuizen,,,,way
Apotheekstraat,,,,way
Appelbrug,,,,way
Appelstraat,,,,way
Appelterrepad,,,,way
Arbedkaai,,,,way
Arduinstraat,,,,way
Arendstraat,,,,way
Arsenaalstraat,,,,way
Asfilstraat,,,,way
Asselsekerkweg,,,,way
Asselsstraat,,,,way
Assenedestraat,,,,way
Asterdreef,,,,way
Athenastraat,,,,way
Atletiekplein,,,,way
"Auguste Van Ooststraat",,,,way
Augustijnenkaai,,,,way
Australiëstraat,,,,way
Autoweg-Noord,,,,way
Autoweg-Zuid,,,,way
Avennesdreef,,,,way
Avezoetestraat,,,,way
Azaleastraat,,,,way
Aziëstraat,,,,way
B-wegel,,,,way
Baaisteeg,,,,way
Baarleboslaan,,,,way
Baarledorpstraat,,,,way
Baarlekouter,,,,way
Baarleveer,,,,way
Baarleveldestraat,,,,way
Baarlewarande,,,,way
Bachtenwalle,,,,way
Bagattenstraat,,,,way
Balenmagazijnstraat,,,,way
Baliestraat,,,,way
Ballenstraat,,,,way
Balsamierenstraat,,,,way
Bamboepad,,,,way
Bandelierstraat,,,,way
Banierstraat,,,,way
Bargiebrug,,,,way
Bargiekaai,,,,way
Barkstraat,,,,way
Barrestraat,,,,way
Basaltstraat,,,,way
Bassebeekstraat,,,,way
Bassebeekwegel,,,,way
Basseveldestraat,,,,way
Bassijnstraat,,,,way
Bastionstraat,,,,way
Batterijstraat,,,,way
Baudelokaai,,,,way
Baudelopark,,,,way
Baudelostraat,,,,way
Baviaanstraat,,,,way
Bavobrug,,,,way
Beekstraat,,,,way
Beekstraatbrug,,,,way
Beekstraatdries,,,,way
Beekstraatkouter,,,,way
Beelbroekhof,,,,way
Beelbroekpad,,,,way
Beelbroekstraat,,,,way
Beeldhouwersstraat,,,,way
Beemdstraat,,,,way
Begijnengracht,,,,way
Begijnhofdries,,,,way
Begijnhoflaan,,,,way
Begoniastraat,,,,way
Belfortstraat,,,,way
Belgicastraat,,,,way
Belgiëlaan,,,,way
Belgradostraat,,,,way
Bellefleurstraat,,,,way
Bellemansstraat,,,,way
Bellevue,,,,way
Bellevuestraat,,,,way
Belvédèreweg,,,,way
Benedictijnenstraat,,,,way
Beneluxlaan,,,,way
Beneluxplein,,,,way
Bennesteeg,,,,way
Benninsbrugstraat,,,,way
Berkhoutsheide,,,,way
Bernheimlaan,,,,way
Bernmaaieplein,,,,way
Bernmaaieweg,,,,way
Berouw,,,,way
Beukelaarstraat,,,,way
Beukendreef,,,,way
Beukenkasteeldreef,,,,way
Beukenlaan,,,,way
Bevelandstraat,,,,way
Beverhoutplein,,,,way
Bevrijdingslaan,,,,way
Bibliotheekstraat,,,,way
Biekorfstraat,,,,way
Bieldekensstraat,,,,way
Biermannekensstraat,,,,way
Biervlietstraat,,,,way
Biesbilkpad,,,,way
Biesbilkstraat,,,,way
Bieslookstraat,,,,way
Biesrek,,,,way
Biest,,,,way
Biezekapelstraat,,,,way
Biezenstraat,,,,way
Biezenstuk,,,,way
"Bij Sint-Jozef",,,,way
Bijenstraat,,,,way
Bijken,,,,way
Bijlokehof,,,,way
Bijlokekaai,,,,way
Bijlokemeers,,,,way
Bijlokestraat,,,,way
Bijlokevest,,,,way
Binnenring-Drongen,,,,way
Binnenring-Sint-Denijs,,,,way
Binnenring-Vinderhoute,,,,way
Binnenring-Zwijnaarde,,,,way
Binnenweg,,,,way
Bisdomkaai,,,,way
Bisdomplein,,,,way
Bisschopsbos,,,,way
Bisschopstraat,,,,way
Blaarmeersenbrug,,,,way
Blaisantvest,,,,way
Blandijnberg,,,,way
Blankenbergestraat,,,,way
Blauwbloempad,,,,way
Blauwborstpad,,,,way
Blauwstraat,,,,way
Blazerpad,,,,way
Blazoenstraat,,,,way
Blekebruidpad,,,,way
Blekerijstraat,,,,way
Blekersdijk,,,,way
Blijde-Inkomststraat,,,,way
Blindeken,,,,way
Bloembilkstraat,,,,way
Bloemistenstraat,,,,way
Bloemstraat,,,,way
Blotevoetenpad,,,,way
Boegbeeldstraat,,,,way
Boekhoutestraat,,,,way
Boeksteeg,,,,way
Boekweitstraat,,,,way
Boelenaar,,,,way
Boentweg,,,,way
"Boer Janssensstraat",,,,way
Boerderijstraat,,,,way
Boesbeeklaan,,,,way
Bokstraat,,,,way
Bollebergen,,,,way
Bollewerkstraat,,,,way
Bomastraat,,,,way
Bombardementstraat,,,,way
Bombaystraat,,,,way
Bommelstraat,,,,way
Bonifantenstraat,,,,relation
"Bonte Mantelstraat",,,,way
Bonteleeuwstraat,,,,way
Booiebos,,,,way
Boomkruiperstraat,,,,way
Boomstraat,,,,way
Boonstede,,,,way
Borkerlaarstraat,,,,way
Borluutpad,,,,way
Borreputsteeg,,,,way
Bosakker,,,,way
Bosbulkpad,,,,way
Boskeetstraat,,,,way
Bosrietzangerpad,,,,way
Bosstraat,,,,way
Boswachterstraat,,,,way
Boterbloemlaan,,,,way
Botermarkt,,,,way
Botestraat,,,,way
Bottelroosstraat,,,,way
Bourgoyendreef,,,,way
Bouwmeestersstraat,,,,way
Bovenhove,,,,way
Braamakker,,,,way
Braambezielaan,,,,way
Brabantdam,,,,way
Braderijstraat,,,,way
Braemkasteelstraat,,,,way
Braemstraat,,,,way
Bragistraat,,,,way
Brandstraat,,,,way
Brandweerstraat,,,,way
Brankardierstraat,,,,way
Bredestraat,,,,way
Breebroekhof,,,,way
Breebroekstraat,,,,way
Breendonkstraat,,,,way
Breestraat,,,,way
Bremstraat,,,,way
Brielkenpad,,,,way
Brillandstraat,,,,way
Brioolstraat,,,,way
Broederlijke-Weversplein,,,,way
Broedersweg,,,,way
Broekkantstraat,,,,way
Broekstraat,,,,way
Bromeliastraat,,,,way
Bronsstraat,,,,way
Bronstijdhof,,,,way
Bronstijdweg,,,,way
Brouwerijstraat,,,,way
Brouwersgracht,,,,way
Brouwersstraat,,,,way
"Brug der Keizerlijke Geneugten",,,,way
Brughuizeken,,,,way
Brugsepoortstraat,,,,way
Bruidstraat,,,,way
Bruiloftstraat,,,,way
Bruisteke,,,,way
Brunaustraat,,,,way
Brusselsepoortstraat,,,,way
Brusselsesteenweg,,,,way
Buchtenbrug,,,,way
Buchtenstraat,,,,way
Buffelstraat,,,,way
Buisstraat,,,,way
Buitenhof,,,,way
Buitenring-Drongen,,,,way
Buitenring-Sint-Denijs,,,,way
Buitenring-Wondelgem,,,,way
Buitenring-Zwijnaarde,,,,way
Buitensingel,,,,way
Bunderhof,,,,way
Bunderweg,,,,way
Buntstraat,,,,way
Burggravenlaan,,,,way
Burgstraat,,,,way
Busstraat,,,,way
C-Wegel,,,,way
Campinglaan,,,,way
Campo-Santoplein,,,,way
Campusstraat,,,,way
Canadastraat,,,,way
Cantecleerstraat,,,,way
Carelsplein,,,,way
Casinoplein,,,,way
Cataloniëstraat,,,,way
Cederstraat,,,,way
Centrumplein,,,,way
"Chantal Claeysdreef",,,,way
Chartreuzengoed,,,,way
Chinastraat,,,,way
Chocoladesteeg,,,,way
Chrysantstraat,,,,way
Cipresdreef,,,,way
Citadellaan,,,,way
Citroenstraat,,,,way
Claragoed,,,,way
Clarissenstraat,,,,way
Clematisstraat,,,,way
Concordiastraat,,,,way
Conduitsteeg,,,,way
Congregatiestraat,,,,way
Congreslaan,,,,way
Contributiebrug,,,,way
Contributiestraat,,,,way
Coomansheide,,,,way
Corbiestraat,,,,way
Corduwaniersstraat,,,,way
"Coupure Links",,,,way
"Coupure Rechts",,,,way
Coyendanspark,,,,way
Creesersweg,,,,way
Crocusstraat,,,,way
D-Wegel,,,,way
Dagmaalhof,,,,way
Dagmaalpad,,,,way
Daknamstraat,,,,way
Damaststraat,,,,way
Dammeerspad,,,,way
Dampoortstraat,,,,way
Damstraat,,,,way
Dapperheidstraat,,,,way
Dasstraat,,,,way
"De Campagne",,,,way
"De Guchteneërestraat",,,,way
"De Kemmeterlaan",,,,way
"De Pintelaan",,,,way
"De Sterre",,,,way
"Deborah Lambillottepad",,,,way
"Deinse Horsweg",,,,way
Delori-Maeslaan,,,,way
"Den Holland",,,,way
"Den Wyngaert",,,,way
Denderlaan,,,,way
"Denise De Weerdtpad",,,,way
Dennenlaan,,,,way
Derbystraat,,,,way
Destelbergenstraat,,,,way
Desteldonkdorp,,,,way
Desteldonkstraat,,,,way
"Dienstenzone Drongen-Noord",,,,way
"Dienstenzone Drongen-Zuid",,,,way
Dierentuinlaan,,,,way
Dijkweg,,,,way
Dikkelindestraat,,,,way
Dikkopjespad,,,,way
Diksmuidestraat,,,,way
Distelstraat,,,,way
Distelvinkstraat,,,,way
Dobbelslot,,,,way
Dok-Noord,,,,way
Dok-Zuid,,,,way
"Dokter Jean Vercouilliestraat",,,,way
"Domein Antoniushof",,,,way
Donkersteeg,,,,way
"Doorgang der Hallegasten",,,,way
Doorgangstraat,,,,way
Doornakkerstraat,,,,way
Doornbilkstraat,,,,way
Doornplasstraat,,,,way
Doornsteeg,,,,way
Doornweide,,,,way
"Doornzele Dries",,,,way
Doornzelestraat,,,,way
Dordrechtstraat,,,,way
Dorpsstraat,,,,way
Dosweg,,,,way
Dovenetelstraat,,,,way
Drabbinkdreef,,,,way
Drabstraat,,,,way
Dracenastraat,,,,way
Drapierstraat,,,,way
Draversstraat,,,,way
Dreef,,,,way
Dreefakker,,,,way
"Drie Koningenstraat",,,,way
"Drie Sleutelsstraat",,,,way
Driebeekstraat,,,,way
Drieleienstraat,,,,way
Driemasterstraat,,,,way
Driepikkelstraat,,,,way
"Dries Morelpad",,,,way
Driesdreef,,,,way
Drieselstraat,,,,way
Driesstraat,,,,way
Drietorekensstraat,,,,way
Driezwaantjesstraat,,,,way
Drongenbrug,,,,way
Drongenhof,,,,way
Drongenplein,,,,way
Droogveldeweg,,,,way
Druifstraat,,,,way
Dublinstraat,,,,way
Duddegembosje,,,,way
Duddegemstraat,,,,way
Duifhuisstraat,,,,way
Duiklaan,,,,way
Duinkerkeplein,,,,way
Duivelsteeg,,,,way
Duivestaartstraat,,,,way
Dukkeldamstraat,,,,way
Dulle-Grietlaan,,,,way
Durmeschipstraat,,,,way
Durmmeersplein,,,,way
Durmmeersstraat,,,,way
Durmstraat,,,,way
Dwarsstraat,,,,way
Dwergkerspad,,,,way
Dwergmuispad,,,,way
Dwergvleermuispad,,,,way
"Dwight Eisenhowerlaan",,,,way
E-Wegel,,,,way
E3-plein,,,,way
Eddastraat,,,,way
Edelsteenstraat,,,,way
Eedstraat,,,,way
Eedverbondkaai,,,,way
Eekhout,,,,way
Eekhoutdriesstraat,,,,way
Eeklostraat,,,,way
Eekstuk,,,,way
Eendrachtstraat,,,,way
Egelstraat,,,,way
Eggestraat,,,,way
Eikenplanterij,,,,way
Eikstraat,,,,way
Eikvarenweg,,,,way
Eilanderskaai,,,,way
Eilandstraat,,,,way
"Einde Were",,,,way
Eindeke,,,,way
Ekkergembrug,,,,way
Ekkergemstraat,,,,way
Eksaardserijweg,,,,way
Eksmere,,,,way
Elfjulistraat,,,,way
Elfnovemberstraat,,,,way
"Eliane Vogel-Spolskypad",,,,way
Elsakker,,,,way
Elshout,,,,way
Elshoutpad,,,,way
Elsstraat,,,,way
"Elyzeese Velden",,,,way
Elzeboomlaan,,,,way
Elzenhof,,,,way
Energiestraat,,,,way
Engelstraat,,,,way
Ericastraat,,,,way
Erpelsteeg,,,,way
Esdoornstraat,,,,way
Espenstraat,,,,way
Estafetteweg,,,,way
Europalaan,,,,way
Eversdonk,,,,way
Eversteinlaan,,,,way
Everstraat,,,,way
Ezelsstraatje,,,,way
F-Wegel,,,,way
Fabriekstraat,,,,way
Faltselestraat,,,,way
"Familie De Vignedreef",,,,way
"Familie Van Rysselberghedreef",,,,way
Fazantstraat,,,,way
Fibulahof,,,,way
Fibulaplein,,,,way
Filaturestraat,,,,way
"Finse Piste",,,,way
"Finse piste",,,,way
Firapeelpad,,,,way
Fjordenstraat,,,,way
Flamingostraat,,,,way
Flanelstraat,,,,way
Fleurusstraat,,,,way
Flonkedreef,,,,way
Florastraat,,,,way
Floridastraat,,,,way
Floristenstraat,,,,way
Fluweelstraat,,,,way
Fonteineplein,,,,way
Fonteyneputpleintje,,,,way
Foreestelaan,,,,way
Forelstraat,,,,way
Fortlaan,,,,way
Frankrijkplein,,,,relation
"Frans Tavernierstraat",,,,way
Fransevaart,,,,way
Fratersplein,,,,way
Fregatstraat,,,,way
Fresiastraat,,,,way
G-Wegel,,,,way
Gaaipersstraat,,,,way
Gaardeniersbrug,,,,way
Gaardenierspad,,,,way
Gaardeniersweg,,,,way
Gagelstraat,,,,way
Galeipad,,,,way
Galgenberg,,,,way
Galgenberglaan,,,,way
Galglaan,,,,way
Galjoenstraat,,,,way
Galnootlaan,,,,way
Galvestonstraat,,,,way
Gambrinusstraat,,,,way
Gandastraat,,,,way
Gangmakersstraat,,,,way
Ganzendries,,,,way
Ganzerikpad,,,,way
Ganzerikstraat,,,,way
Gapaardkouter,,,,way
Garensteeg,,,,way
Gasklokstraat,,,,way
Gasmeterlaan,,,,way
Gaspeldoorndreef,,,,way
Gasthuisstraat,,,,way
"Gaston Gheldolflaan",,,,way
Gaverbulk,,,,way
Gavergrachtpad,,,,way
Gavergrachtstraat,,,,way
Gaverlandstraat,,,,way
Gaverstraat,,,,way
"Gebroeders De Smetstraat",,,,way
"Gebroeders Jacobspad",,,,way
Gebuurtestraat,,,,way
Gefusilleerdenstraat,,,,way
Geitstraat,,,,way
Geizegemstraat,,,,way
Geldmunt,,,,way
Gelukstraat,,,,way
Gemberstraat,,,,way
Gemeenteplein,,,,way
Gentbrugge,,,,way
Gentbruggeaard,,,,way
Gentbruggekouter,,,,way
"Gentbrugse Meersen",,,,way
Gentiaanlaan,,,,way
Gentseaardeweg,,,,way
Gentstraat,,,,way
Geraniumstraat,,,,way
Gestichtstraat,,,,way
Getouwstraat,,,,way
Geuzenberg,,,,way
Geuzenhoek,,,,way
Gewad,,,,way
Gezondheidstraat,,,,way
Gijzelaarsweg,,,,way
Gijzelstraat,,,,way
Gildestraat,,,,way
Gladioollaan,,,,way
"Godelieve Joliestraat",,,,way
Godshuishammeke,,,,way
Godshuizenlaan,,,,way
Goedendagstraat,,,,way
Goedingenstraat,,,,way
Goedjens,,,,way
Goedlevenstraat,,,,way
Golfweg,,,,way
Gondelstraat,,,,way
"Gontrode Heirweg",,,,way
Gontrodestraat,,,,way
Goolestraat,,,,way
Gordunakaai,,,,way
Gothastraat,,,,way
Goubaulaan,,,,way
Goudbrokaatstraat,,,,way
"Gouden Leeuwplein",,,,way
Goudenleeuwplein,,,,way
Goudenregenstraat,,,,way
Goudensterstraat,,,,way
Goudstraat,,,,way
Goudvinkstraat,,,,way
Gouvernementstraat,,,,way
Govaartsakker,,,,way
"Graaf van Vlaanderenplein",,,,way
Graanleliepad,,,,way
Granietstraat,,,,way
Grasbrug,,,,way
Grasland,,,,way
Graslei,,,,relation
Grasmusstraat,,,,way
Grauwpoort,,,,way
Grensstraat,,,,way
Griendeplein,,,,way
Griendijk,,,,way
Griffioenstraat,,,,way
Grijzezustersstraat,,,,way
Grimberpad,,,,way
Groenbrugstraat,,,,way
Groendreef,,,,way
"Groene Ooie",,,,way
Groenebriel,,,,way
Groenehoekstraat,,,,way
Groenespechtstraat,,,,way
Groenevalleilaan,,,,way
Groenewalstraat,,,,way
Groenewandeling,,,,way
Groeningestraat,,,,way
Groenplein,,,,way
Groenstraat,,,,way
Groentenmarkt,,,,way
Groenvinkstraat,,,,way
Grondwetlaan,,,,way
"Groot Begijnhof",,,,way
Groot-Brittanniëhof,,,,way
Groot-Brittanniëlaan,,,,way
Grootkanonplein,,,,way
Grootmeersweg,,,,way
"Grote Huidevettershoek",,,,way
"Grote Wede",,,,way
Grotesteenweg-Noord,,,,way
Grotesteenweg-Zuid,,,,way
Gruuthuusestraat,,,,way
Guldenmeers,,,,way
Guldenroedestraat,,,,way
Guldenspoorstraat,,,,way
Guldenvliesstraat,,,,way
Gundlichstraat,,,,way
H-Wegel,,,,way
HDB-pad,,,,way
Haagbeuklaan,,,,way
Haagstuk,,,,way
Haanstraat,,,,way
Haardstedestraat,,,,way
Hagedisstraat,,,,way
Hagedoornlaan,,,,way
Hagelandkaai,,,,way
Hagepreekstraat,,,,way
Hagewindestraat,,,,way
Hakkeneistraat,,,,way
Halenpad,,,,way
Halewijnkouter,,,,way
Halfbunder,,,,way
Halfbunderpad,,,,way
Halfweg,,,,way
Halvemaanstraat,,,,way
Ham,,,,way
Hamburgstraat,,,,way
Hamerlandtragel,,,,way
Hamerstraat,,,,way
Hammerikstraat,,,,way
Handbalstraat,,,,way
Handekenskruidstraat,,,,way
Handelsdokkaai,,,,way
Harelbekestraat,,,,way
Haringsteeg,,,,way
Harlekijnbloempad,,,,way
Harlekijnstraat,,,,way
Harmoniestraat,,,,way
Haspelstraat,,,,way
Haverstraat,,,,way
Havikstraat,,,,way
Hazelaarstraat,,,,way
Hazeldonk,,,,way
Hazenakker,,,,way
Hazenlaan,,,,way
Hazestropdreef,,,,way
Hazewindstraatje,,,,way
Hebbrechtstraat,,,,way
Heemstraat,,,,way
Heernislaan,,,,way
Heernisplein,,,,way
Heershagestraat,,,,way
Heerweg-Noord,,,,way
Heerweg-Zuid,,,,way
Heidestraat,,,,way
Heiebreestraat,,,,way
"Heilig Kruisplein",,,,way
Heilig-Bloedstraat,,,,way
Heilig-Hartplein,,,,way
Heilig-Hartstraat,,,,way
Heilig-Kruisplein,,,,way
Heilig-Sacramentstraat,,,,way
Heilige-Geeststraat,,,,way
Heilighuisdreef,,,,way
Heinakker,,,,way
Heindriesstraat,,,,way
Heistraat,,,,way
Heiveldstraat,,,,way
Heizen,,,,way
Hekelaarsstraat,,,,way
Hekers,,,,way
Heldenplein,,,,way
Hellegat,,,,way
Hellewee,,,,way
Helmkruidpad,,,,way
Helmkruidstraat,,,,way
Hemelrijkstraat,,,,way
Hemingplein,,,,way
Henegouwenstraat,,,,way
"Henri Meulemanstraat",,,,way
"Henri Mortierstraat",,,,way
"Henriette Casierpad",,,,way
Herdenkingslaan,,,,way
Herderstraat,,,,way
Herfststraat,,,,way
Hermelijnpad,,,,way
Herrystraat,,,,way
Hertogstraat,,,,way
Hertooie,,,,way
Hertooiebos,,,,way
Hertstraat,,,,way
"Het Kamp",,,,way
Heuvelpoort,,,,way
Hindestraat,,,,way
Hippodroomlaan,,,,way
Hoefijzerstraat,,,,way
Hoefslagstraatje,,,,way
Hoevepoort,,,,way
Hoevestraat,,,,way
"Hof Van Oombergen",,,,way
"Hof ter Mere",,,,way
"Hof van Eden",,,,way
"Hof van Fiennes",,,,way
"Hof van Oombergen",,,,way
"Hof van Westbeke",,,,way
Hofakkerstraat,,,,way
Hofbouwlaan,,,,way
Hofmeierstraat,,,,way
Hofstraat,,,,way
"Hoge Bilk",,,,way
"Hoge Lakendreef",,,,way
"Hoge Olm",,,,way
Hogeheerweg,,,,way
Hogekouterhof,,,,way
Hogekouterstraat,,,,way
Hogepontstraat,,,,way
Hogeweg,,,,way
Holdaal,,,,way
Holisstraat,,,,way
Hollenaarstraat,,,,way
Holmerestraat,,,,way
Holstraat,,,,way
Hondelee,,,,way
Hondskruidstraat,,,,way
Hoofdbrug,,,,way
Hoofdkerkstraat,,,,way
Hoogland,,,,way
Hoogmeers,,,,way
Hoogoeverstraat,,,,way
Hoogpoort,,,,way
Hoogstraat,,,,way
Hooiaard,,,,way
Hooiland,,,,way
Hoornstraat,,,,way
Hoppestraat,,,,way
Hospicepad,,,,way
Hospitaalbrug,,,,way
Hospitaalstraat,,,,way
Houtbriel,,,,way
Houtdoklaan,,,,way
Houtemlaan,,,,way
Houthulststraat,,,,way
Houtjen,,,,way
Houw,,,,way
Hoveniersberg,,,,way
Hoveniersstraat,,,,way
Huidevetterken,,,,way
Huidevetterskaai,,,,way
Hullebusstraat,,,,way
Hulsdonk,,,,way
Hulstboomstraat,,,,way
Hulsterlostraat,,,,way
Hulststraat,,,,way
Hundelgemsesteenweg,,,,way
Hurstweg,,,,way
Hutsepotstraat,,,,way
Huttestraat,,,,way
Huurhouderijstraat,,,,way
Hyacintstraat,,,,way
IJkmeesterstraat,,,,way
IJskelderstraat,,,,way
IJsvogelstraat,,,,way
IJzendijkestraat,,,,way
IJzerlaan,,,,way
IJzertijdhof,,,,way
IJzertijdweg,,,,way
IJzerweglaan,,,,way
Ibisstraat,,,,way
Idewallepad,,,,way
Iepensteeg,,,,way
Iepenstraat,,,,way
Imsakkerlaan,,,,way
Indigopad,,,,way
Industriepark-Drongen,,,,way
Industriepark-Zwijnaarde,,,,way
Industrieweg,,,,way
Ingelandgat,,,,way
Invalidenplaats,,,,way
Invalidenstraat,,,,way
Irisstraat,,,,way
Isabellakaai,,,,way
Isegrimstraat,,,,way
Jaagpad,,,,way
"Jacques Eggermontstraat",,,,way
"Jacques Paryslaan",,,,way
Jakobijnenstraat,,,,way
"Jan Furnièrestraat",,,,way
"Jan Rijmstraat",,,,way
"Jan Samijnstraat",,,,way
"Jan-Baptist Lombaertdreef",,,,way
Jemappesstraat,,,,way
Jeruzalemstraat,,,,way
"Joachim Schayckstraat",,,,way
Jockeystraat,,,,way
Jodenstraat,,,,way
"Johannes Roegierspad",,,,way
Jongenstragel,,,,way
"Jonkvrouw Mattestraat",,,,way
Joremaaie,,,,way
Jovastraat,,,,way
Jozefienenstraat,,,,way
Jubileumlaan,,,,way
Judoweg,,,,way
Jutestraat,,,,way
Kaaksmetebrug,,,,way
Kaaksmetestraat,,,,way
Kaarderijstraat,,,,way
Kaasjeskruidpad,,,,way
Kaatsspelplein,,,,way
Kabelsteeg,,,,way
Kajuitstraat,,,,way
Kalandeberg,,,,way
Kalandestraat,,,,way
Kalemeersstraat,,,,way
Kaleweg,,,,way
Kalkoenlaan,,,,way
Kalvermarkt,,,,way
Kalversteeg,,,,way
Kamerijkstraat,,,,way
Kammerstraat,,,,way
Kanariestraat,,,,way
Kanodreef,,,,way
Kantienberg,,,,way
Kantstraat,,,,way
Kanunnikstraat,,,,way
Kapelaanstraat,,,,way
Kapelakker,,,,way
Kapelanijmeers,,,,way
Kapelledreef,,,,way
Kapiteinstraat,,,,way
Kapittelstraat,,,,way
Kappebrug,,,,way
Kappetragel,,,,way
Kaprijkestraat,,,,way
Kapucijnenham,,,,way
Kareelstraat,,,,way
Karekietlaan,,,,way
"Karel Rymhofplein",,,,way
Karmelietenstraat,,,,way
Karnemelkwegel,,,,way
Karperstraat,,,,way
Karrenstraat,,,,way
Kartuizerlaan,,,,way
Kastanjestraat,,,,way
Kasteeldreef,,,,way
Kasteellaan,,,,way
Kasteelwegel,,,,way
Kasteleinstraat,,,,way
Kasterbant,,,,way
Katoenstraat,,,,way
Kattegaver,,,,way
Kattenberg,,,,way
Kattenhoekstraat,,,,way
Kattepad,,,,way
Kauwplein,,,,way
Kazemattenstraat,,,,way
Kazernenstraat,,,,way
Keiberg,,,,way
Keiskantstraat,,,,way
Keizervest,,,,way
Keizerviaduct,,,,way
Kelderijstraat,,,,way
Kempstraat,,,,way
Kemzekestraat,,,,way
Keramiekstraat,,,,way
Kerkdreef,,,,way
Kerkhofstraat,,,,way
Kerkstraat,,,,way
Kerkuilstraat,,,,way
Kerkwegel,,,,way
Kerkwegelpad,,,,way
Kerselaarstraat,,,,way
Ketelbrug,,,,way
Ketelpoort,,,,way
Ketelvest,,,,way
Ketshage,,,,way
Kettingstraat,,,,way
Keurestraat,,,,way
Keuze,,,,way
Keuzekouter,,,,way
Keuzemeers,,,,way
Keviestraat,,,,way
Kiekenbosstraat,,,,way
Kiekenstraat,,,,way
Kievitlaan,,,,way
Kiezelstraat,,,,way
Kijfmeers,,,,way
Kikvorsstraat,,,,way
Kinderrechtenplein,,,,way
Kineastlaan,,,,way
Klaartestraat,,,,way
Klaasbulkstraat,,,,way
Klaphof,,,,way
Klaproosstraat,,,,way
Klauwerspad,,,,way
Klauwierstraat,,,,way
Klaverdries,,,,way
Klaverpoel,,,,way
Klaverstraat,,,,way
Kleemburg,,,,way
Kleemstraat,,,,way
Kleimoer,,,,way
"Klein Raamhof",,,,way
"Klein Turkije",,,,way
Kleindokkaai,,,,way
"Kleine Broekstraat",,,,way
"Kleine Duddegemstraat",,,,way
"Kleine Gentstraat",,,,way
"Kleine Goedingenstraat",,,,way
"Kleine Kerkstraat",,,,way
"Kleine Schuurstraat",,,,way
"Kleine Vismarkt",,,,way
"Kleine Wedepad",,,,way
Kleinemoortelputstraat,,,,way
Kleinkouterken,,,,way
Kleinvleeshuissteeg,,,,way
Kleppersstraat,,,,way
Klimoplaan,,,,way
Kliniekstraat,,,,way
Klinkkouterstraat,,,,way
"Klipperstraat / Stapelplein",,,,way
Klokstraat,,,,way
Kloosterstraat,,,,way
Klossebos,,,,way
Kluisstraat,,,,way
Kluizenaarstraat,,,,way
Kluizensesteenweg,,,,way
Knabbelare,,,,way
Knippegroen,,,,way
Knokkestraat,,,,way
Knotwilgenlaan,,,,way
Koebraampad,,,,way
Koekoeklaan,,,,way
Koemeersstraat,,,,way
Koepad,,,,way
Koepoortkaai,,,,way
Koersenstraat,,,,way
Koerspleinstraat,,,,way
Koestraat,,,,way
Koewachterstraat,,,,way
Koffiesteeg,,,,way
Kofschipstraat,,,,way
Kogelstraat,,,,way
Koggestraat,,,,way
Kokerstraat,,,,way
Kokmeeuwpad,,,,way
Kolegemkouter,,,,way
Kolegemstraat,,,,way
Kolibrieweg,,,,way
Kollebloemstraat,,,,way
Kollekasteelstraat,,,,way
Kolveniersgang,,,,way
Komijnstraat,,,,way
Kompasplein,,,,way
Kongostraat,,,,way
"Koning Nobelplein",,,,way
Koninginnelaan,,,,way
Koningsdal,,,,way
Koningsdonkstraat,,,,way
Koningstraat,,,,way
Koningsvarenweg,,,,way
Kooistraat,,,,way
Koolkapperstraat,,,,way
Koolmeesstraat,,,,way
Koolsteeg,,,,way
Koophandelsplein,,,,way
Koopvaardijlaan,,,,way
Koperstraat,,,,way
"Koppelingsgebieden Rieme-Zuid en Doornzele-Noord",,,,way
Koraalwortelstraat,,,,way
Korenbloemstraat,,,,way
Korenlei,,,,way
Korenmarkt,,,,way
Korenstuk,,,,way
Korenveldstraat,,,,way
Korfdragerstraat,,,,way
Korhoenstraat,,,,way
Korianderstraat,,,,way
"Korte Kruisstraat",,,,way
"Korte Magerstraat",,,,way
"Korte Meer",,,,way
"Korte Rijakkerstraat",,,,way
"Korte Straatje",,,,way
Kortedagsteeg,,,,way
Kortedreef,,,,way
Korteheerweg,,,,way
Kortekerkstraat,,,,way
Kortemunt,,,,way
Kortevorenpad,,,,way
Kortrijksepoortstraat,,,,way
Kosterstiende,,,,way
Kouter,,,,relation
Kouterbosstraat,,,,way
Kouterdreef,,,,way
Koutergoedstraat,,,,way
Koutersteeg,,,,way
Kozijntjesstraat,,,,way
Kraaiaard,,,,way
Kraaidam,,,,way
Kraaistraat,,,,way
Kraankindersstraat,,,,way
Kraanlei,,,,way
Kramersplein,,,,way
Kreeftstraat,,,,way
Kreekstraat,,,,way
Krekelberg,,,,way
Krekelstraat,,,,way
Krevelstraat,,,,way
Kriekelaarstraat,,,,way
Kriekerijstraat,,,,way
Krijgsgasthuisstraat,,,,way
Krijgslaan,,,,way
Krijtekerkweg,,,,way
Krijtestraat,,,,way
Krijzeltand,,,,way
Kristalstraat,,,,way
"Kromme Leie",,,,way
Krommeboom,,,,way
Krommebunderstraat,,,,way
Krommehambrug,,,,way
Krommehamlaan,,,,way
Krommenelleboog,,,,way
Krommepopulierstraat,,,,way
Krommewal,,,,way
Krommewalbrug,,,,way
Kromveldestraat,,,,way
Krone,,,,way
Kroonprinsstraat,,,,way
Kroonstraat,,,,way
Kroosvarenweg,,,,way
Kruideniersstraat,,,,way
Kruisboogstraat,,,,way
Kruisstraat,,,,way
Kruitmagazijnstraat,,,,way
Kuhlmannkaai,,,,way
Kuhlmannlaan,,,,way
Kuiperskaai,,,,way
Kuipgat,,,,way
Kunstenaarstraat,,,,way
Kunstlaan,,,,way
Kurkpad,,,,way
Kwaadham,,,,way
Kwaadveld,,,,way
Kwadenplasstraat,,,,way
Kwakkelstraat,,,,way
Kwartelstraat,,,,way
Kwartspad,,,,way
Kweepeerstraat,,,,way
Kwikstaartlaan,,,,way
"Lage Lakendreef",,,,way
"Lage Varenweg",,,,way
Lakenstraat,,,,way
Lammeken,,,,way
Lammerstraat,,,,way
"Land Van Rodelaan",,,,way
"Land van Waaslaan",,,,way
Landbouwersstraat,,,,way
Landingsplein,,,,way
Landjuweelstraat,,,,way
Landmanstraat,,,,way
Landverhuizerskaai,,,,way
"Lange Boomgaardstraat",,,,way
"Lange Kruisstraat",,,,way
"Lange Mate",,,,way
"Lange Schipgracht",,,,way
"Lange Steenstraat",,,,way
"Lange Violettestraat",,,,way
Langebilkstraat,,,,way
Langemunt,,,,way
"Langen Cauterweg",,,,way
Langenaarstraat,,,,way
Langeplankstraat,,,,way
Langerbrugge-Eiland,,,,way
Langerbruggekaai,,,,way
Langerbruggestraat,,,,way
Langestraat,,,,way
Langeveld,,,,way
Langhalsstraat,,,,way
Laurierstraat,,,,way
Lauwstraat,,,,way
Lazariepad,,,,way
Lazuurstraat,,,,way
Ledebergplein,,,,way
Ledebergstraat,,,,way
Lededries,,,,way
Ledergemstraat,,,,way
Ledestraat,,,,way
Leebeekstraat,,,,way
Leegte,,,,way
Leenpad,,,,way
"Leeuw Van Vlaanderenstraat",,,,way
Leeuwenhof,,,,way
Leeuwerikstraat,,,,way
Leeuwstraat,,,,way
Leieoever,,,,way
Leiepark,,,,way
Leieriggestraat,,,,way
Leiestraat,,,,way
Leisbulkstraat,,,,way
Leithstraat,,,,way
Leliestraat,,,,way
Lentestraat,,,,way
Lepelaarstraat,,,,way
Lettelbroeklaan,,,,way
Lichterveldestraat,,,,way
Liefbilkstraat,,,,way
Liefkensstraat,,,,way
Lieremanstraat,,,,way
Lievebrug,,,,way
Lieveheersbeestjespad,,,,way
Lievekaai,,,,way
Lievestraat,,,,way
Lijnmolenstraat,,,,way
Lijntjespoelpad,,,,way
Lijnwaadstraat,,,,way
Lijsterstraat,,,,way
Limbastraat,,,,way
Limburgstraat,,,,way
Lindekouterstraat,,,,way
Lindemeers,,,,way
Lindenlei,,,,way
Lindestraat,,,,way
Lindestuk,,,,way
Liniestraat,,,,way
Linnenstraat,,,,way
Lisbloemstraat,,,,way
Lochtingstraat,,,,way
Logboekstraat,,,,way
Logstraat,,,,way
Loodsenstraat,,,,way
Loofblommestraat,,,,way
Looppad,,,,way
Lorkenstraat,,,,way
Loskaai,,,,way
Lostraat,,,,way
Losweg,,,,way
Lourdesstraat,,,,way
Lozevisserstraat,,,,way
"Luc Van Parysstraat",,,,way
Luchterenhof,,,,way
Luchterenkerkweg,,,,way
Luchterenkouter,,,,way
Luchterenstraat,,,,way
Luchthavenlaan,,,,way
Luiklaan,,,,way
Lusthoflaan,,,,way
Luxemburgstraat,,,,way
Luzulapad,,,,way
"Maagd van Gentstraat",,,,way
Maagdestraat,,,,way
Maalderijstraat,,,,way
Maalgaver,,,,way
Maalpertuuspark,,,,way
Maaltebrugge-Park,,,,way
Maaltebruggestraat,,,,way
Maaltekouter,,,,way
Maaltemeers,,,,way
Maaltenaard,,,,way
Maarkpad,,,,way
Maaseikstraat,,,,way
Madeliefjesstraat,,,,way
Madelonstraat,,,,way
Maeswal,,,,way
Mageleinsteeg,,,,way
Mageleinstraat,,,,way
Magergoedhof,,,,way
Magergoedkouter,,,,way
Magerstraat,,,,way
Magnoliastraat,,,,way
Mahoniestraat,,,,way
Makelaarsstraat,,,,way
Malemstraat,,,,way
Malpertuusplein,,,,way
Manestraat,,,,way
Manilastraat,,,,way
Mantelhof,,,,way
Marathonstraat,,,,way
Marcastraat,,,,way
Mariakerkegeest,,,,way
Mariakerkeplein,,,,way
Marialand,,,,way
"Marie-Jeanne Coolsenpad",,,,way
Marmotstraat,,,,way
Martelaarslaan,,,,way
"Martha De Clercqstraat",,,,way
Matrozenstraat,,,,way
Mattestede,,,,way
"Maurice Dewulflaan",,,,way
Mazestraat,,,,way
Meekrapstraat,,,,way
Meerakker,,,,way
Meerhem,,,,way
Meerhoutstraat,,,,way
Meerkoetlaan,,,,way
Meersemdries,,,,way
Meersemhof,,,,way
Meersemwegel,,,,way
Meerseniersstraat,,,,way
Meersgatstraat,,,,way
Meerskantpad,,,,way
Meersstraat,,,,way
Meesjesstraat,,,,way
Meeuwstraat,,,,way
Meibloemstraat,,,,way
Meierij,,,,way
Meikeverlaan,,,,way
Meiklokjeslaan,,,,way
Meirebeekpad,,,,way
Meirebeekstraat,,,,way
Meirepad,,,,way
Melkerijstraat,,,,way
Melkgracht,,,,way
Melkhambrug,,,,way
Melkweide,,,,way
Mellestraat,,,,way
Mendonkdorp,,,,way
Merelbekestationplein,,,,way
Merelstraat,,,,way
Merendreesesteenweg,,,,way
Merkemstraat,,,,way
Metselaarsstraat,,,,way
Meulenaarshoek,,,,way
Meulenbilkstraat,,,,way
Meulenbroekstraat,,,,way
Meulestedebrug,,,,way
Meulestedekaai,,,,way
Meulesteedsesteenweg,,,,way
Meuleweg,,,,way
Mezenstraat,,,,way
Mierenbospad,,,,way
Mierhulpad,,,,way
Mijlgrachtstraat,,,,way
Mijlsteen,,,,way
Mijnhoutkaai,,,,way
Mimosastraat,,,,way
Minnemeers,,,,way
Mispelbilk,,,,way
Modderenmanpad,,,,way
Moerbezielaan,,,,way
Moerlandstraat,,,,way
Moerpad,,,,way
Moerstraat,,,,way
Moervaartkaai,,,,way
Moestuinstraat,,,,way
Molenaarsstraat,,,,way
Moleneinde,,,,way
Molenkouter,,,,way
Molenstraat,,,,way
Molenwalstraat,,,,way
Molzelebilk,,,,way
Molzelehof,,,,way
Molzelestraat,,,,way
Monterreystraat,,,,way
Moortelputstraat,,,,way
Morekstraat,,,,way
Morganietstraat,,,,way
Moriaanstraat,,,,way
Moscouviaduct,,,,way
Mosgaverstraat,,,,way
Moststraat,,,,way
Mostwegel,,,,way
Motjen,,,,way
Motorstraat,,,,way
Moutstraat,,,,way
Muidebrug,,,,way
Muidelaan,,,,way
Muidepoort,,,,way
Muilaardstraat,,,,way
Muinkhampad,,,,way
Muinkkaai,,,,way
Muinklaan,,,,way
Muishondstraat,,,,way
Muizelstraat,,,,way
Muldersveld,,,,way
Myosotisstraat,,,,way
N430,,,,way
Narcisstraat,,,,way
Nederbrugstraat,,,,way
Nederkouter,,,,way
Nederkwaadham,,,,way
Nederpolder,,,,way
Nederzwijnaarde,,,,way
"Neelkens Stuk",,,,way
Neerhofstraat,,,,way
Neermeerskaai,,,,way
Neerscheldestraat,,,,way
Nekkersberglaan,,,,way
Nekkersputstraat,,,,way
Nekkersvijverstraat,,,,way
Nelestraat,,,,way
Neringstraat,,,,way
Neststraat,,,,way
Neuseplein,,,,way
"Nevelse Heerweg",,,,way
New-Yorkstraat,,,,way
Nieuwbrug,,,,way
Nieuwbrugkaai,,,,way
Nieuwebosstraat,,,,way
Nieuwekalebrug,,,,way
Nieuwelaan,,,,way
Nieuwescheldebrug,,,,way
Nieuwescheldestraat,,,,way
Nieuwevaart,,,,way
Nieuwevaartbrug,,,,way
Nieuwewandeling,,,,way
Nieuwewijkstraat,,,,way
Nieuwhof,,,,way
Nieuwkolegemlaan,,,,way
Nieuwland,,,,way
Nieuwmeerspad,,,,way
Nieuwpoort,,,,way
Nieuwstraat,,,,way
Nijverheidskaai,,,,way
Nijverheidstraat,,,,way
Nimfenstraat,,,,way
Noendries,,,,way
Nokerstraat,,,,way
Nonnemeersstraat,,,,way
Noordakker,,,,way
Noordbroek,,,,way
Noorderdoorgang,,,,way
Noorderlaan,,,,way
Noordgijzelstraat,,,,way
Noordhoutstraat,,,,way
Noordstraat,,,,way
Noordveenakkerstraat,,,,way
Noormanstraat,,,,way
Normaalschoolstraat,,,,way
Normandiëlaan,,,,way
Notarisstraat,,,,way
Notaxlaan,,,,way
Notelaarstraat,,,,way
Notenstraat,,,,way
Novaretzpad,,,,way
Novicenstraat,,,,way
Oceaniëstraat,,,,way
"Octaaf Van Dammestraat",,,,way
"Odile Maespad",,,,way
Oefenpleinstraat,,,,way
Offerlaan,,,,way
Okapistraat,,,,way
Okkernootsteeg,,,,way
Oktrooiplein,,,,way
Oliestraat,,,,way
Olifantstraat,,,,way
Olijfstraat,,,,way
Olmstraat,,,,way
Olympiadeplein,,,,way
Ombeekhof,,,,way
Ombeekstraat,,,,way
Ommegangstraat,,,,way
Onafhankelijkheidslaan,,,,way
Onderbergen,,,,way
"Onderdoorgang Contributiebrug",,,,way
Onderstraat,,,,way
Onderwijsstraat,,,,way
Ontmijnersstraat,,,,way
Onyxpad,,,,way
"Onze Lieve Vrouwdreef",,,,way
"Onze Lieve Vrouwstraat",,,,way
Oogststraat,,,,way
Ooievaarsnest,,,,way
Ooievaarstraat,,,,way
Ooilamstraat,,,,way
Ooistraat,,,,way
Oostakkerdorp,,,,way
Oostdonkstraat,,,,way
Oosteeklostraat,,,,way
Oostendestraat,,,,way
Oostenrijkersstraat,,,,way
Opgeëistenlaan,,,,way
Opstalmeerspad,,,,way
Opstalpad,,,,way
Opvoedingstraat,,,,way
Oranjeberg,,,,way
Oranjeboomstraat,,,,way
Oranjerielaan,,,,way
Orchideestraat,,,,way
Ossenstraat,,,,way
Ottergembrug,,,,way
Ottergemsesteenweg,,,,way
Ottergemsesteenweg-Zuid,,,,way
Ottogracht,,,,way
Oud-Moorghemstraat,,,,way
Oud-Strijderslaan,,,,way
Oudburg,,,,way
"Oude Akker",,,,way
"Oude Beestenmarkt",,,,way
"Oude Brusselseweg",,,,way
"Oude Fortweg",,,,way
"Oude Gentweg",,,,way
"Oude Holstraat",,,,way
"Oude Houtlei",,,,way
"Oude Schaapmarkt",,,,way
"Oude Scheldeweg",,,,way
"Oude Veldstraat",,,,way
Oude-Abdijstraat,,,,way
Oudebareelstraat,,,,way
Oudeheerweg,,,,way
Oudekalepad,,,,way
Oudekouter,,,,way
Oudemolenstraat,,,,way
Oudenaardegoed,,,,way
Oudenaardsesteenweg,,,,way
Oudescheldebrug,,,,way
Oudescheldestraat,,,,way
Oudespoorweg,,,,way
Oudetragel,,,,way
Oudevest,,,,way
Oudewal,,,,way
Oudewee,,,,way
Overmeersstraat,,,,way
Overpoortstraat,,,,relation
Overreke,,,,way
Overwale,,,,way
Overzet,,,,way
Paardestraat,,,,way
Paardeweiken,,,,way
Paasleliedreef,,,,way
Pachtgoeddreef,,,,way
Pacificatielaan,,,,way
Paddelstraat,,,,way
Paddenhoek,,,,way
Pakhuisstraat,,,,way
Pakketbootpad,,,,way
Palinghuizen,,,,way
Palmendreef,,,,way
Pannestraat,,,,way
Pantserschipstraat,,,,way
Papegaaistraat,,,,way
Papiermolenstraat,,,,way
Papinnestraat,,,,way
Parachutistenweg,,,,way
Paradijskouter,,,,way
Paradijsvogelplein,,,,way
Paradijszak,,,,way
Parallelweg,,,,way
Parelhoenstraat,,,,way
Parelpad,,,,way
Parijsberg,,,,way
"Parkbos - Portaal Grand Noble",,,,way
Parkietstraat,,,,way
Parklaan,,,,way
Parkplein,,,,way
Passagierstraat,,,,way
Pastorijdreef,,,,way
Patijntjestraat,,,,way
Patrijsstraat,,,,way
Pauwstraat,,,,way
Paviljoenweg,,,,way
Peerstraat,,,,way
Pekelharing,,,,way
Pelikaanstraat,,,,way
Penitentenstraat,,,,way
Pensmarkt,,,,way
Peperstraat,,,,way
Perkamentstraat,,,,way
Persellestraat,,,,way
Perzikstraat,,,,way
Petuniastraat,,,,way
"Philippe van de Veldehof",,,,way
Phoenixonderdoorgang,,,,way
Phoenixstraat,,,,way
Piereputstraat,,,,way
Pijkestraat,,,,way
Pijlstraat,,,,way
Pijndersstraat,,,,way
Pijphoekstraat,,,,way
Pilorijnstraat,,,,way
Pinguinstraat,,,,way
Pinksterbloemstraat,,,,way
Piratenstraat,,,,way
Platteberg,,,,way
Pleispark,,,,way
Pleitstraat,,,,way
Ploegstraat,,,,way
Plotersgracht,,,,way
Pluimstraat,,,,way
Poekstraat,,,,way
Poel,,,,way
Poeljemarkt,,,,way
Poelsnepstraat,,,,way
Polderkenslaan,,,,way
Politieke-Gevangenenlaan,,,,way
Pollaeredam,,,,way
Pollepelstraat,,,,way
Pomonapad,,,,way
Pont-Noord,,,,way
Pontbrug,,,,way
Pontpad,,,,way
Pontstraat,,,,way
Poolse-Winglaan,,,,way
Poortakkerstraat,,,,way
Poortbilk,,,,way
Poperingestraat,,,,way
Porfierstraat,,,,way
"Port Arthurlaan",,,,way
Portugalstraat,,,,way
Posteernestraat,,,,way
Posthoornstraat,,,,way
Potuitstraat,,,,way
Predikherenbrug,,,,way
Predikherenlei,,,,way
Prelaatsdreef,,,,way
Priesterstraat,,,,way
Primulastraat,,,,way
Prinsenhof,,,,way
Prinsenhofplein,,,,way
Prinsesselaan,,,,way
Proeftuinstraat,,,,way
Prooststraat,,,,way
Provenierstersstraat,,,,way
Puigem,,,,way
Puinstraat,,,,way
Pussemierstraat,,,,way
Putkapelstraat,,,,way
Putstraat,,,,way
Puttemeerswegel,,,,way
Putteveldestraat,,,,way
R4,,,,way
R40,,,,way
Raaktstraat,,,,way
Raapstraat,,,,way
Rabotbrug,,,,way
Rabotstraat,,,,way
Rabouwstraat,,,,way
Racingstraat,,,,way
Radijsstraat,,,,way
Raffinaderijstraatje,,,,way
Raketstraat,,,,way
Ramen,,,,way
Ramskapellelaan,,,,way
Ramstraat,,,,way
Rapenburgstraat,,,,way
Rasphuisstraat,,,,way
Ratelaarsweg,,,,way
Ravensteinstraat,,,,way
Ravenstraat,,,,way
Raveschootstraat,,,,way
Rechtstraat,,,,way
Recollettenbrug,,,,way
Recollettenlei,,,,way
Rederijkersstraat,,,,way
Redersplein,,,,way
Reep,,,,way
Regattenlaan,,,,way
Regenboog,,,,way
Reigerstraat,,,,way
Reigersvlietweg,,,,way
Reinaertstraat,,,,way
Reke,,,,way
Rekelingestraat,,,,way
Renbaanstraat,,,,way
Renpaardlaan,,,,way
"Rerum Novarumplein",,,,relation
Resedastraat,,,,way
Ridderstraat,,,,way
Riemekaai,,,,way
Rietgracht,,,,way
Rietorchisstraat,,,,way
Rietstraat,,,,way
Rietzangerstraat,,,,way
Rijakker,,,,way
Rijkegasthuisbos,,,,way
Rijkeklarenstraat,,,,way
Rijmsdam,,,,way
Rijsbrugge,,,,way
Rijsenbergstraat,,,,way
Rijshoutstraat,,,,way
Rijvisschepark,,,,way
Rijvisschestraat,,,,way
"Ringvaartweg Mariakerke",,,,way
Ringvaartweg-Wondelgem,,,,way
Rivierstraat,,,,way
Robiniadreef,,,,way
Robiniahof,,,,way
Rode-Kruisstraat,,,,way
Rodeberg,,,,way
Rodebeukendreef,,,,way
Rodebeukenhof,,,,way
Rodehoedstraat,,,,way
Rodekoningstraat,,,,way
Rodeleeuwstraat,,,,way
Rodelijvekensstraat,,,,relation
Rodenhuizekaai,,,,way
Roderoestraat,,,,way
Rodetorenkaai,,,,way
Rodonkstraat,,,,way
Roeiersweg,,,,way
Roeispaanstraat,,,,way
Roerstraat,,,,way
"Roger De Letterstraat",,,,way
Rokerelsstraat,,,,way
"Romeins pad",,,,way
"Romeinse Hof",,,,way
"Romeinse Weg",,,,way
Rommelwaterpark,,,,way
Rondehuisjesdreef,,,,way
Ronselestraat,,,,way
Rooigemlaan,,,,way
Roomanstraat,,,,way
Roosakker,,,,way
Rooskenstraat,,,,way
Rosdamstraat,,,,way
Rozebroekslag,,,,way
Rozebroekstraat,,,,way
Rozemarijnbrug,,,,way
Rozemarijnstraat,,,,way
Rozendaalken,,,,way
Rozenlaan,,,,way
Rozenpark,,,,way
Rozier,,,,way
Ruienhovestraat,,,,way
Ruiterlaan,,,,way
Ruststraat,,,,way
Ryhoveweg,,,,way
"Saffelaersche Gentwegel",,,,way
Sagastraat,,,,way
Sagaststraat,,,,way
Saghermansstraat,,,,way
Salamanderstraat,,,,way
Salviastraat,,,,way
Sanderswal,,,,way
Santospad,,,,way
Sassekaai,,,,way
Sassevaartstraat,,,,way
Sasstraat,,,,way
Satijnstraat,,,,way
Savaanstraat,,,,way
Scaldisstraat,,,,way
Scandinaviëstraat,,,,way
Schaapdries,,,,way
Schaapdriespad,,,,way
Schaapfokkerspad,,,,way
Schaapherderstraat,,,,way
Schaapscheerderstraat,,,,way
Schaapsdoornstraat,,,,way
Schaarkenstraat,,,,way
Schaatsmeers,,,,way
Schaliestraat,,,,way
Schaloenstraat,,,,way
Schapenfokkerspad,,,,way
Scharlakenstraat,,,,way
Schaverdijnstraat,,,,way
Scheeplosserstraat,,,,way
Scheepsankerstraat,,,,way
Scheepsruimplein,,,,way
Scheepvaartstraat,,,,way
Scheepzatestraat,,,,way
Scheldekaai,,,,way
Scheldekanaaltragel,,,,way
Scheldestraat,,,,way
Schepenenvijverstraat,,,,way
Schepenhuisstraat,,,,way
Schepenstraat,,,,way
Schildersstraat,,,,way
Schildpadstraat,,,,way
Schipdonkweg,,,,way
Schipperskaai,,,,way
Schoenerstraat,,,,way
Schoenlapperstraat,,,,way
Schoenmakersstraat,,,,way
Schommelstraat,,,,way
Schooldreef,,,,way
Schoolkaai,,,,way
Schoolstraat,,,,way
Schoolwegel,,,,way
Schoonakker,,,,way
Schoonmeersstraat,,,,way
Schoonzichtstraat,,,,way
Schoubroek,,,,way
Schoutstraat,,,,way
Schouwburgstraat,,,,way
Schouwingstraat,,,,way
Schouwvegersstraat,,,,way
Schrijnwerkersstraat,,,,way
Schuddeveestraatje,,,,way
Schuddevisstraatje,,,,way
Schuifstraat,,,,way
Schuiterstraat,,,,way
Schuttershof,,,,way
Schuurgoedstraat,,,,way
Schuurkenstraat,,,,way
Schuurstraat,,,,way
Seminariestraat,,,,way
"Sente Clarenhof",,,,way
Serafijnstraat,,,,way
Seringendreef,,,,way
Serpentstraat,,,,way
Sierheesterlaan,,,,way
Siervogelstraat,,,,way
Sijsjeslaan,,,,way
Silexstraat,,,,way
Singel,,,,way
Sint-Agnetabrug,,,,way
Sint-Agnetestraat,,,,way
Sint-Antoniusbrug,,,,way
Sint-Antoniuskaai,,,,way
Sint-Arnoutstraat,,,,way
Sint-Baafskouterstraat,,,,way
Sint-Crispijnstraat,,,,way
Sint-Daniëlstraat,,,,way
Sint-Denijslaan,,,,way
Sint-Jansdreef,,,,way
Sint-Jansvest,,,,way
Sint-Katelijnestraat,,,,way
Sint-Kruis-Winkeldorp,,,,way
Sint-Liesbetsteeg,,,,way
Sint-Lievenspoortstraat,,,,way
Sint-Markoenstraat,,,,way
Sint-Martensblindeken,,,,way
Sint-Pietersaalststraat,,,,way
Sint-Pietersnieuwstraat,,,,way
Sint-Vincentiusplein,,,,way
Sint-Widostraat,,,,way
Sisalstraat,,,,way
Skaldenbrug,,,,way
Skaldenstraat,,,,way
Skiweg,,,,way
Slachthuisstraat,,,,way
Sleepbootstraat,,,,way
Sleepstraat,,,,way
Sleewagenstraat,,,,way
Sleutelbloemstraat,,,,way
Slindonk,,,,way
Slingerstraat,,,,way
"Slinke Molenstraat",,,,way
Sloepstraat,,,,way
Slokkeboomstraat,,,,way
Slootwede,,,,way
Slotenbilk,,,,way
Slotendries,,,,way
Sloversdreef,,,,way
Sluikpersstraat,,,,way
Sluismeesterstraat,,,,way
Sluisweg,,,,way
Sluizeken,,,,way
Sluizekenkaai,,,,way
Sluizekenstraat,,,,way
Smalkouterstraat,,,,way
"Smalle Heerweg",,,,way
Smalleheerweg,,,,way
Smaragdstraat,,,,way
Smidsestraat,,,,way
Smishoekstraat,,,,way
Sneeeuwbesstraat,,,,way
Sneeuwklokjeslaan,,,,way
Snepdijk,,,,way
Snepdijkbrug,,,,way
Snepkaai,,,,way
Sneppenbrugpad,,,,way
Sneppenbrugstraat,,,,way
Snoekstraat,,,,way
Soenenspark,,,,way
Spaanskasteelplein,,,,way
Spaarstraat,,,,way
Spadestraat,,,,way
Spanjaardstraat,,,,way
Spanjeveerbrug,,,,way
Spanjeveerstraat,,,,way
Sparappellaan,,,,way
Sparrestraat,,,,way
Spechtstraat,,,,way
Speelmanstraat,,,,way
Speerdistelstraat,,,,way
Speistraat,,,,way
Speldenstraat,,,,way
Spellewerkstraat,,,,way
Sperwerstraat,,,,way
Spesbroekstraat,,,,way
Speurdonkstraat,,,,way
Spiegelhofstraat,,,,way
Spiekerspad,,,,way
Spijkeboorstraat,,,,way
Spijkstraat,,,,way
Spinmolenplein,,,,way
Spinnerijdoorgang,,,,way
Spinnerstraat,,,,way
Spitaalpoortstraat,,,,way
Spoelbotenstraat,,,,way
Spoorwegdijkpad,,,,way
Spoorwegstraat,,,,way
Sporewegel,,,,way
Sportstraat,,,,way
Sprendonkstraat,,,,way
Sprinkhaanlaan,,,,way
Staakskenstraat,,,,way
Staartmeespad,,,,way
Stadhuissteeg,,,,way
Stalhof,,,,way
Standaertsite,,,,way
Standelkruidstraat,,,,way
Stapelplein,,,,way
Steenaardestraat,,,,way
Steenakker,,,,way
Steenbekestraat,,,,way
Steendam,,,,way
Steengoedstraat,,,,way
Steenhouwersstraat,,,,way
Steenhuisdreef,,,,way
Steenovenstraat,,,,way
Steenvoordelaan,,,,way
Steltloperstraat,,,,way
Stenenkruis,,,,way
Steppestede,,,,way
Sterrestraat,,,,way
Stierstraat,,,,way
Stokerijstraat,,,,way
Stoofstraat,,,,way
Stoppelstraat,,,,way
Stormvogelstraat,,,,way
"Straatje Zonder Einde",,,,way
"Straatje van Oliveten",,,,way
Strandlaan,,,,way
Strandloperstraat,,,,way
Streepbosstraat,,,,way
Striemenbergstraat,,,,way
Strobloemstraat,,,,way
Strodekkersstraat,,,,way
Stroomkenskerkweg,,,,way
Stropkaai,,,,way
Stropstraat,,,,way
Stropweg,,,,way
Struifstraat,,,,way
Struisvarenweg,,,,way
Stukwerkersstraat,,,,way
Suikerijsteeg,,,,way
Surkelbulk,,,,way
Tabakstraatje,,,,way
Takkebosstraat,,,,way
Tapuitstraat,,,,way
Tarbotstraat,,,,way
Taxusstraat,,,,way
"Te Winkel",,,,way
Teaterstraat,,,,way
Technologiepark-Zwijnaarde,,,,way
Tempelhof,,,,way
"Ten Bos",,,,way
"Ten Bospad",,,,way
"Ten Hulle",,,,way
Tenderstraat,,,,way
Tennisbaanstraat,,,,way
Tennisstraat,,,,way
Tentoonstellingslaan,,,,way
"Ter Hand",,,,way
"Ter Linden",,,,way
"Ter Lindenpad",,,,way
"Ter Platen",,,,way
"Ter Rivieren",,,,way
Terdonkkaai,,,,way
Terdonkplein,,,,way
Terhagen,,,,way
Terneuzenlaan,,,,way
Tervatestraat,,,,way
Texasstraat,,,,way
Textielstraat,,,,way
"Theophiel De Jaegerstraat",,,,way
Theresianenbrug,,,,way
Theresianenstraat,,,,way
Tichelrei,,,,way
Tiebaertsteeg,,,,way
Tienmeterstraat,,,,way
Tij-armpad,,,,way
Tijgerlelielaan,,,,way
Tijgerstraat,,,,way
Tijkstraat,,,,way
Tijmstraat,,,,way
Timichegtunnel,,,,way
"Tineke Van Heulestraat",,,,way
Tinkstraat,,,,way
Tinnenpotstraat,,,,way
Toekomststraat,,,,way
Toemaattragel,,,,way
Tolhuislaan,,,,way
Tolpoort,,,,way
Tondelierlaan,,,,way
Tongstraat,,,,way
Tortelduifstraat,,,,way
Tragel,,,,way
Tragelstraat,,,,way
Traktaatweg,,,,way
Tramstraat,,,,way
Treinstraat,,,,way
Trekweg,,,,way
Treurwilgenstraat,,,,way
Trimlaan,,,,way
Triomfstraat,,,,way
Trommelstraat,,,,way
Tuinstraat,,,,way
"Tuinwijk de Warande",,,,way
"Tuinwijk ter Heide",,,,way
Tuinwijklaan,,,,way
Tulpstraat,,,,way
Turkooispad,,,,way
Turrepoortsteeg,,,,way
"Tussen 't Pas",,,,way
"Tussen Bermen",,,,way
"Tussen Heerwegen",,,,way
Twaalfapostelenstraat,,,,way
Twaalfkameren,,,,way
Twaalfroeden,,,,way
Twaalfroedenstraat,,,,way
Tweebekenstraat,,,,way
Tweebruggenstraat,,,,way
Tweebunders,,,,way
Tweegatenbrug,,,,way
Tweekapellenstraat,,,,way
Tweekerkenstraat,,,,way
Twijndersstraat,,,,way
Uilkensstraat,,,,way
Uitvangstraat,,,,way
Unescolaan,,,,way
Universiteitstraat,,,,way
Ursulinenstraat,,,,way
Vaartstraat,,,,way
Vaderlandstraat,,,,way
Valkenhuisweg,,,,way
Valkeniersstraat,,,,way
Valkenstraat,,,,way
"Van Rysselberghedreef",,,,way
"Van den Heckestraat",,,,way
Vanillestraat,,,,way
Varendrieskouter,,,,way
Varendriesstraat,,,,way
Varenstraat,,,,way
Varkensstraat,,,,way
Veenakkerpad,,,,way
Veergrep,,,,way
Veerkaai,,,,way
Veermanplein,,,,way
Veerpontstraat,,,,way
Veerstraat,,,,way
Veeweg,,,,way
Veldekensstraat,,,,way
Veldstraat,,,,way
Veldwijkstraat,,,,way
Vendelstraat,,,,way
Vennebos,,,,way
Vennestraat,,,,way
Vennet,,,,way
Venusschoentjestraat,,,,way
Verapazbrug,,,,way
Verbindingstraat,,,,way
Verbroederingstraat,,,,way
Verdedigingstraat,,,,way
Verkortingstraat,,,,way
Verlorenkost,,,,way
Verlorenkostbrug,,,,way
Verlorensteenstraat,,,,way
Veronicastraat,,,,way
Verpleegstersstraat,,,,way
Verschansingsstraat,,,,way
Ververijstraat,,,,way
Veurestraat,,,,way
Viaductstraat,,,,way
Victoriastraat,,,,way
Vier-Gekroondenstraat,,,,way
Vierhekkensstraat,,,,way
Vierlinden,,,,way
Vierlindenpad,,,,way
Vierschaarlaan,,,,way
Vierweegsestraat,,,,way
Vijfhoekstraat,,,,way
Vijfwindgatenstraat,,,,way
Vijverhof,,,,way
Vijvermeerspark,,,,way
Vijverstraat,,,,way
Vinderhoutsedam,,,,way
Vinkendal,,,,way
Vinkenlaan,,,,way
Vinkeslagstraat,,,,way
Violierstraat,,,,way
Viooltjesdreef,,,,way
Virginiastraat,,,,way
Visitatiestraat,,,,way
Visserij,,,,way
Vissersdijk,,,,way
Vlaamse-Hefboomweg,,,,way
Vlaamsekaai,,,,way
Vlaanderenstraat,,,,way
Vlasgaardstraat,,,,way
Vlasmarkt,,,,way
Vlasstraat,,,,way
Vledermuisstraat,,,,way
Vleeshuisbrug,,,,way
Vleeshuistragel,,,,way
Vliegpleinkouter,,,,way
Vliegtuiglaan,,,,way
Vlienderpad,,,,way
Vlierstraat,,,,way
Vlinderstraat,,,,way
Vlotstraat,,,,way
Voetbalstraat,,,,way
Voetweg,,,,way
Vogelenzang,,,,way
Vogelenzangpark,,,,way
Vogelheide,,,,way
Vogelhoekstraat,,,,way
Vogeljacht,,,,way
Vogelmarkt,,,,way
Voldersstraat,,,,way
Volkshaardstraat,,,,way
Volmolenstraat,,,,way
"Volvo Test Track",,,,way
Vontpad,,,,way
Voordestraat,,,,way
Voordries,,,,way
Voorhavenkaai,,,,way
Voorhavenlaan,,,,way
Voorhavenpark,,,,way
Voorhoutkaai,,,,way
Voorjaarstraat,,,,way
Voormeers,,,,way
Voormuide,,,,way
Vorkstraat,,,,way
Voskenslaan,,,,way
Vosmeers,,,,way
Vossenbergstraat,,,,way
Vossenkoer,,,,way
Vredestraat,,,,way
Vriendschapstraat,,,,way
Vrijdagmarkt,,,,relation
Vrijheidslaan,,,,way
Vrijwilligersweg,,,,way
Vroonbroek,,,,way
Vroonstalledries,,,,way
Vroonstallestraat,,,,way
Vrouwebroersstraat,,,,way
Vrouwenstraat,,,,way
Vuurkruisersstraat,,,,way
Vuurstokerstraat,,,,way
Waaistraat,,,,way
Waalbrug,,,,way
Waalbrugstraat,,,,way
Waalkens,,,,way
Waarschootstraat,,,,way
Wafelijzerhoeve,,,,way
Waldamkaai,,,,way
Wallebeekmeers,,,,way
Wallekensstraat,,,,way
Wallemeers,,,,way
Walpoortbrug,,,,way
Walpoortstraat,,,,way
Walstraat,,,,way
Warandestraat,,,,way
Warmoezeniersweg,,,,way
Wasstraat,,,,way
Waterdreef,,,,way
Waterdreefpad,,,,way
Watergraafstraat,,,,way
Waterhoenlaan,,,,way
Waterkluiskaai,,,,way
Waterlelielaan,,,,way
Watermolenstraat,,,,way
Watermuntstraat,,,,way
Watersnepstraat,,,,way
Watersportlaan,,,,way
Waterstraat,,,,way
Watertorenstraat,,,,way
Waterviolier,,,,way
Watervlietstraat,,,,way
Watlingtonstraat,,,,way
Wederikstraat,,,,way
Weefselstraat,,,,way
Weegbreestraat,,,,way
Weerdestraat,,,,way
Weerstandsplein,,,,way
Wegelakker,,,,way
Wegelstuk,,,,way
Weidestraat,,,,way
Weldadigheidstraat,,,,way
Wellingstraat,,,,way
Welpengang,,,,way
Welvaartstraat,,,,way
Welvaertslag,,,,way
Werkhuizenstraat,,,,way
Werkstraat,,,,way
Werregarenstraat,,,,way
Wespenorchisstraat,,,,way
Wespstraat,,,,way
Wessemweg,,,,way
Westergemstraat,,,,way
Westerlaan,,,,way
Westerringspoorbrug,,,,way
Westveldstraat,,,,way
Weverbosdreef,,,,way
Weverboslaan,,,,way
Weversstraat,,,,way
Wezelstraat,,,,way
Wiedauwkaai,,,,way
Wiemersdreef,,,,way
Wijdebroeken,,,,way
Wijkbosstraat,,,,way
"Wijkpark De Porre",,,,way
Wijmakker,,,,way
Wijmenstraat,,,,way
Wijngaardstraat,,,,way
Wijzemanstraat,,,,way
Wildebrake,,,,way
Wilderoosstraat,,,,way
Wilgestraat,,,,way
"Wilgetronk straat",,,,way
Windgat,,,,way
Windmolenstraat,,,,way
Winkelgate,,,,way
Winkelkouterpad,,,,way
Winkelstraat,,,,way
Winkelwarande,,,,way
Winterstraat,,,,way
Wintertuinstraat,,,,way
Wintervijverpad,,,,way
Wintervijverstraat,,,,way
Wispelbergstraat,,,,way
Wissaardpad,,,,way
Witbakkerstraat,,,,way
Wittebroodhof,,,,way
Wittelinkstraat,,,,way
Wittemolenstraat,,,,way
Wittepaalpad,,,,way
Wittepaalstraat,,,,way
Wittewalle,,,,way
"Wittewalle / Rostijnestraat",,,,way
Woeringenstraat,,,,way
Woestijnegoedlaan,,,,way
Wolfputstraat,,,,way
Wolfstraat,,,,way
Wolstraat,,,,way
Wolvengracht,,,,way
Wolweverspad,,,,way
Wondelgembrug,,,,way
Wondelgemstationplein,,,,way
Wondelgemstraat,,,,way
Wouterij,,,,way
Wulverdam,,,,way
Yachtdreef,,,,way
Zaamslagstraat,,,,way
Zakstraat,,,,way
Zalegemstraat,,,,way
Zalmstraat,,,,way
Zandberg,,,,way
Zandekensstraat,,,,way
Zandloperstraat,,,,way
Zandpoortstraat,,,,way
Zandstraat,,,,way
Zandvoordestraat,,,,way
Zangvogellaan,,,,way
Zavelput,,,,way
Zebrastraat,,,,way
Zeemstraat,,,,way
Zeeschipstraat,,,,way
Zeestraat,,,,way
Zegepraalstraat,,,,way
Zeilschipstraat,,,,way
Zeilstraat,,,,way
Zesseptemberlaan,,,,way
Zestiengemeten,,,,way
Zeugsteeg,,,,way
Zevenbladstraat,,,,way
Zevengemeten,,,,way
Zieklien,,,,way
Zijdestraat,,,,way
Zilverberklaan,,,,way
Zilverenberg,,,,way
Zilverhof,,,,way
Zingemkouterstraat,,,,way
Zombeekstraat,,,,way
Zomerliefstraat,,,,way
Zomerstraat,,,,way
Zomerwee,,,,way
Zomerweibrug,,,,way
Zonder-Naamstraat,,,,way
Zonnebloemstraat,,,,way
Zonnedauwstraat,,,,way
Zonneputtragel,,,,way
Zonnestraat,,,,way
Zoutstraat,,,,way
Zuidakkerlaan,,,,way
Zuidbroek,,,,way
Zuiddokweg,,,,way
Zuiderdoorgang,,,,way
Zuiderlaan,,,,way
Zuiderlaanbrug,,,,way
Zuidkaai,,,,way
Zuidledeplein,,,,way
Zuidparklaan,,,,way
Zuidstationstraat,,,,way
Zuidstraat,,,,way
Zuidveenakkerstraat,,,,way
Zuivelbrug,,,,way
Zuivelbrugstraat,,,,way
Zwaanstraat,,,,way
Zwaardsteeg,,,,way
Zwaluwstraat,,,,way
Zwanebloemstraat,,,,way
Zwanenberg,,,,way
Zwanenbulksken,,,,way
Zwartekatstraat,,,,way
Zwartekobenpad,,,,way
Zwartekobenstraat,,,,way
Zwartezustersstraat,,,,way
Zwembadstraat,,,,way
Zwijnaardemeerspad,,,,way
Zwijnaardsesteenweg,,,,way
Zwijndonkloop,,,,way
doorsteek,,,,way
